id_no,tile_id,sensor,tile_type,system:time_start
20160607_173219_1652904_RapidEye-2_analytic,173219,RapidEye-2,analytic,1465272000000
20160607_173223_1552827_RapidEye-2_analytic,173223,RapidEye-2,analytic,1465272000000
20160607_173223_1652803_RapidEye-2_analytic,173223,RapidEye-2,analytic,1465272000000
20160607_173226_1652703_RapidEye-2_analytic,173226,RapidEye-2,analytic,1465272000000
20160607_173227_1552727_RapidEye-2_analytic,173227,RapidEye-2,analytic,1465272000000
20160608_170600_1653105_RapidEye-4_analytic,170600,RapidEye-4,analytic,1465358400000
20160608_170601_1653104_RapidEye-4_analytic,170601,RapidEye-4,analytic,1465358400000
20160608_170605_1653003_RapidEye-4_analytic,170605,RapidEye-4,analytic,1465358400000
20160608_170609_1652807_RapidEye-4_analytic,170609,RapidEye-4,analytic,1465358400000
20160608_170612_1652803_RapidEye-4_analytic,170612,RapidEye-4,analytic,1465358400000
20160608_170617_1652605_RapidEye-4_analytic,170617,RapidEye-4,analytic,1465358400000
20160608_170618_1652604_RapidEye-4_analytic,170618,RapidEye-4,analytic,1465358400000
20160615_171757_1652704_RapidEye-1_analytic,171757,RapidEye-1,analytic,1465963200000
20160616_172126_1653007_RapidEye-2_analytic,172126,RapidEye-2,analytic,1466049600000
20160616_172127_1653006_RapidEye-2_analytic,172127,RapidEye-2,analytic,1466049600000
20160616_172129_1652908_RapidEye-2_analytic,172129,RapidEye-2,analytic,1466049600000
20160616_172130_1652906_RapidEye-2_analytic,172130,RapidEye-2,analytic,1466049600000
20160616_172130_1652907_RapidEye-2_analytic,172130,RapidEye-2,analytic,1466049600000
20160616_172132_1652808_RapidEye-2_analytic,172132,RapidEye-2,analytic,1466049600000
20160616_172133_1652807_RapidEye-2_analytic,172133,RapidEye-2,analytic,1466049600000
20160616_172134_1652806_RapidEye-2_analytic,172134,RapidEye-2,analytic,1466049600000
20160617_171511_1653006_RapidEye-3_analytic,171511,RapidEye-3,analytic,1466136000000
20160617_171513_1553026_RapidEye-3_analytic,171513,RapidEye-3,analytic,1466136000000
20160617_171513_1653002_RapidEye-3_analytic,171513,RapidEye-3,analytic,1466136000000
20160617_171513_1653003_RapidEye-3_analytic,171513,RapidEye-3,analytic,1466136000000
20160617_171515_1652905_RapidEye-3_analytic,171515,RapidEye-3,analytic,1466136000000
20160617_171516_1652903_RapidEye-3_analytic,171516,RapidEye-3,analytic,1466136000000
20160617_171516_1652904_RapidEye-3_analytic,171516,RapidEye-3,analytic,1466136000000
20160617_171517_1552926_RapidEye-3_analytic,171517,RapidEye-3,analytic,1466136000000
20160617_171517_1652902_RapidEye-3_analytic,171517,RapidEye-3,analytic,1466136000000
20160617_171518_1652805_RapidEye-3_analytic,171518,RapidEye-3,analytic,1466136000000
20160617_171519_1652804_RapidEye-3_analytic,171519,RapidEye-3,analytic,1466136000000
20160617_171520_1652803_RapidEye-3_analytic,171520,RapidEye-3,analytic,1466136000000
20160617_171522_1652704_RapidEye-3_analytic,171522,RapidEye-3,analytic,1466136000000
20160617_171522_1652705_RapidEye-3_analytic,171522,RapidEye-3,analytic,1466136000000
20160617_171525_1652605_RapidEye-3_analytic,171525,RapidEye-3,analytic,1466136000000
20160617_171526_1652604_RapidEye-3_analytic,171526,RapidEye-3,analytic,1466136000000
